"web_URL_id","web_URL","domain_category","n_violations","avg_severity","max_severity","min_severity","n_distinct_violation_types","n_distinct_violation_categories"
16,"https://www.healthcare.gov","Government and Public Services",1,4,4,4,1,1
17,"https://www.kids.gov","Government and Public Services",4,3.25,4,3,4,2
20,"https://www.floodsmart.gov","Government and Public Services",3,3,4,2,3,2
21,"https://www.arstechnica.com","News and Media",7,3.57142857142857,5,2,7,2
26,"https://www.popsci.com","News and Media",7,4,5,3,7,2
27,"https://www.discovermagazine.com","News and Media",4,3.25,4,3,4,2
28,"https://www.newscientist.com","News and Media",6,3,4,2,6,2
30,"https://www.theguardian.com/world","News and Media",7,3.28571428571429,5,2,7,2
33,"https://www.3dcart.com","E-commerce",4,4.5,5,4,4,2
35,"https://www.weebly.com","E-commerce",10,3.5,5,2,10,2
38,"https://www.presta.com","E-commerce",5,3.4,4,3,5,1
51,"https://www.mit.edu","Technology Science and Research",2,3.5,4,3,2,2
52,"https://www.mit.edu/news","Technology Science and Research",4,3,4,2,4,1
58,"https://www.sciencex.com","Technology Science and Research",2,3,3,3,2,1
64,"https://www.getepic.com","Educational Platforms",9,3.33333333333333,5,2,9,2
65,"https://www.knovva.com","Educational Platforms",5,3.8,5,3,5,2
68,"https://www.open.edu","Educational Platforms",3,3.33333333333333,4,2,3,2
77,"https://www.gov.za","Government and Public Services",11,3.63636363636364,5,3,11,2
81,"https://www.epa.gov","Government and Public Services",1,4,4,4,1,1
93,"https://www.squarespace.com","E-commerce",4,3.5,4,3,4,2
95,"https://www.wix.com","E-commerce",4,2.75,4,2,4,2
96,"https://www.bigcartel.com","E-commerce",5,3,4,2,5,1
97,"https://www.volusion.com","E-commerce",8,3.625,5,3,8,2
105,"https://www.khanacademy.org/video","Streaming Platforms",2,3.5,4,3,2,2
107,"https://www.shape.com","Health and Wellness",2,2.5,3,2,2,1
108,"https://www.fitbottomedgirls.com","Health and Wellness",8,3.875,5,3,8,2
109,"https://www.nerdfitness.com","Health and Wellness",2,3,3,3,2,1
111,"https://www.eatingbirdfood.com","Health and Wellness",4,3.5,4,3,4,2
112,"https://www.wellnessmama.com","Health and Wellness",2,4,4,4,2,1
113,"https://www.avocadu.com","Health and Wellness",7,3.42857142857143,4,3,7,2
119,"https://www.sciencealert.com","Technology Science and Research",5,3.2,4,2,5,2
120,"https://www.futurity.org","Technology Science and Research",8,3.75,5,3,8,2
122,"https://www.technologyreview.com","Technology Science and Research",6,3.83333333333333,5,2,6,2
123,"https://www.theconversation.com","Technology Science and Research",8,3.875,5,3,8,2
124,"https://www.infoworld.com","Technology Science and Research",5,3.8,5,3,5,2
169,"https://www.proprofs.com","Educational Platforms",7,3.57142857142857,5,2,7,2
180,"https://www.getyourrefund.org","Government and Public Services",3,4.33333333333333,5,4,3,2
186,"https://www.theatlantic.com","News and Media",3,3.33333333333333,4,2,3,2
189,"https://www.vanityfair.com","News and Media",13,3.69230769230769,5,2,13,2
204,"https://www.ted.com","Streaming Platforms",14,3.78571428571429,5,2,14,2
215,"https://www.health.harvard.edu","Health and Wellness",2,3,4,2,2,2
216,"https://www.nhs.uk","Health and Wellness",2,3.5,4,3,2,2
223,"https://www.eurekalert.org","Technology Science and Research",7,4.14285714285714,5,3,7,2
225,"https://www.jhu.edu/research","Technology Science and Research",3,3.66666666666667,4,3,3,2
226,"https://www.esa.int","Technology Science and Research",7,3.71428571428571,5,3,7,2
232,"https://www.woocommerce.com","E-commerce",6,3.5,4,2,6,2
234,"https://www.sciencedaily.com","Technology Science and Research",4,3.75,4,3,4,2
236,"https://www.phys.org","Technology Science and Research",2,3,3,3,2,1
239,"https://www.wellandgood.com","Health and Wellness",1,3,3,3,1,1
244,"https://www.openlearning.com","Educational Platforms",7,3.28571428571429,4,2,7,2
249,"https://www.canvaslms.com","Educational Platforms",7,3.42857142857143,5,2,7,2
250,"https://www.blackboard.com","Educational Platforms",1,3,3,3,1,1
252,"https://www.prodigygame.com","Educational Platforms",11,3.36363636363636,5,2,11,2
255,"https://www.ck12.org","Educational Platforms",3,3.33333333333333,4,3,3,1
256,"https://www.learnwellservices.com","Educational Platforms",8,3.75,5,3,8,2
257,"https://www.moodle.org","Educational Platforms",8,3.625,5,2,8,2
258,"https://www.classpoint.io","Educational Platforms",6,4,5,2,6,2
259,"https://www.canvas.net","Educational Platforms",5,3.6,5,2,5,2
263,"https://www.schoology.com","Educational Platforms",5,3.6,4,3,5,2
266,"https://www.canada.ca","Government and Public Services",2,3.5,4,3,2,2
268,"https://www.gov.ie","Government and Public Services",2,3.5,4,3,2,2
270,"https://www.energy.gov","Government and Public Services",3,3,4,2,3,2
274,"https://www.foia.gov","Government and Public Services",4,2.75,3,2,4,1
275,"https://www.consumer.gov","Government and Public Services",6,3.66666666666667,5,3,6,1
276,"https://www.arts.gov","Government and Public Services",3,3.33333333333333,4,3,3,2
281,"https://www.bbc.com","News and Media",8,3.625,5,2,8,2
286,"https://www.nbcnews.com","News and Media",14,3.57142857142857,5,2,14,2
298,"https://www.target.com","E-commerce",7,3,4,2,7,2
301,"https://www.amazon.com/primevideo","Streaming Platforms",10,3.4,5,2,10,2
305,"https://www.shudder.com","Streaming Platforms",4,3.5,4,3,4,2
309,"https://www.globoplay.com","Streaming Platforms",3,2.66666666666667,4,2,3,2
312,"https://www.verywellhealth.com","Health and Wellness",4,3,4,2,4,2
313,"https://www.fitnessblender.com","Health and Wellness",4,3.5,4,3,4,2
316,"https://www.doctoroz.com","Health and Wellness",5,3.6,4,3,5,2
318,"https://www.acefitness.org","Health and Wellness",15,3.8,5,2,15,2
319,"https://www.clevelandclinic.org","Health and Wellness",6,3.5,5,3,6,2
326,"https://www.pytorch.org","Technology Science and Research",7,3.85714285714286,5,3,7,2
331,"https://www.academicearth.org","Educational Platforms",5,3.4,4,3,5,2
335,"https://www.usa.gov","Government and Public Services",3,3,3,3,3,1
337,"https://www.nasa.gov","Government and Public Services",6,3.66666666666667,5,2,6,2
343,"https://www.latimes.com","News and Media",5,3.4,4,3,5,1
344,"https://www.nytimes.com","News and Media",6,3.66666666666667,5,2,6,2
354,"https://www.pbs.org","Streaming Platforms",4,3,4,2,4,2
358,"https://www.menshealth.com","Health and Wellness",4,3.25,4,3,4,2
359,"https://www.womenshealthmag.com","Health and Wellness",3,3.33333333333333,4,3,3,2
362,"https://www.ieee.org","Technology Science and Research",4,3.25,4,3,4,1
364,"https://www.acm.org","Technology Science and Research",12,3.58333333333333,5,2,12,2
368,"https://www.buzzfeednews.com","News and Media",4,3.5,5,2,4,2
371,"https://www.msnbc.com","News and Media",14,3.35714285714286,5,2,14,2
381,"https://www.uopeople.edu","Educational Platforms",13,3.38461538461538,5,2,13,2
382,"https://www.openculture.com","Educational Platforms",12,3.83333333333333,5,2,12,2
384,"https://www.edraak.org","Educational Platforms",10,3.8,5,2,10,2
387,"https://www.merckmanuals.com","Health and Wellness",2,4,4,4,2,2
388,"https://www.cancer.gov","Health and Wellness",2,3.5,4,3,2,2
391,"https://www.nih.gov","Health and Wellness",3,3.33333333333333,4,3,3,2
392,"https://www.psychologytoday.com","Health and Wellness",9,3.33333333333333,5,2,9,2
399,"https://www.vinted.com","E-commerce",6,3.83333333333333,5,2,6,2
401,"https://www.dailymotion.com","Streaming Platforms",4,3.25,4,2,4,2
402,"https://www.vimeo.com","Streaming Platforms",4,2.5,3,2,4,1
404,"https://www.mixcloud.com","Streaming Platforms",2,3,3,3,2,1
408,"https://www.stitcher.com","Streaming Platforms",4,3,4,2,4,2
413,"https://www.scientificamerican.com","Technology Science and Research",2,3,4,2,2,2
414,"https://www.hackaday.com","Technology Science and Research",12,3.75,5,2,12,2
415,"https://www.makeuseof.com","Technology Science and Research",9,3.66666666666667,5,3,9,2
416,"https://www.techcrunch.com","Technology Science and Research",6,3.16666666666667,4,2,6,2
419,"https://www.space.com","Technology Science and Research",7,3.57142857142857,5,2,7,2
420,"https://www.sciencenews.org","Technology Science and Research",2,3.5,4,3,2,2
424,"https://www.codecademy.com","Educational Platforms",2,3,4,2,2,2
428,"https://www.twitch.tv","Streaming Platforms",6,3.5,4,3,6,2
431,"https://www.zappos.com","E-commerce",6,3.33333333333333,4,2,6,2
434,"https://www.healthline.com","Health and Wellness",3,3.33333333333333,4,3,3,2
435,"https://www.webmd.com","Health and Wellness",14,3.64285714285714,5,2,14,2
500,"https://www.healthcare.gov/get-coverage/","Health and Wellness",1,4,4,4,1,1
501,"https://www.healthcare.gov/get-answers/","Health and Wellness",3,4,5,3,3,2
502,"https://www.healthcare.gov/have-coverage/","Health and Wellness",1,4,4,4,1,1
503,"https://arstechnica.com/health/","Technology Science and Research",18,3.44444444444444,5,2,9,2
504,"https://arstechnica.com/science/","Technology Science and Research",18,3.44444444444444,5,2,9,2
505,"https://arstechnica.com/gadgets/","Technology Science and Research",18,3.44444444444444,5,2,9,2
506,"https://www.popsci.com/category/science/","Technology Science and Research",5,4.2,5,3,5,2
507,"https://www.popsci.com/category/technology/","Technology Science and Research",5,4.2,5,3,5,2
508,"https://www.popsci.com/category/ai/","Technology Science and Research",5,4.2,5,3,5,2
509,"https://www.discovermagazine.com/technology","Technology Science and Research",5,3.2,4,2,5,2
510,"https://www.discovermagazine.com/health","Health and Wellness",4,3,4,2,4,2
511,"https://www.smithsonianmag.com/category/science-nature/","Technology Science and Research",1,5,5,5,1,1
512,"https://www.volusion.com/pricing","E-commerce",6,3.5,4,3,6,2
513,"https://www.volusion.com/features/themes","E-commerce",6,3.5,4,3,6,2
515,"https://fitbottomedgirls.com/2024/12/is-walking-exercise/","Health and Wellness",10,3.8,5,3,10,2
516,"https://fitbottomedgirls.com/category/eats/","Health and Wellness",7,3.71428571428571,5,3,7,2
517,"https://fitbottomedgirls.com/category/eats/nutrition/","Health and Wellness",8,3.625,5,3,8,2
518,"https://www.futurity.org/category/health-medicine/","Health and Wellness",5,3.8,4,3,5,2
519,"https://www.futurity.org/category/science-technology/","Technology Science and Research",5,3.8,4,3,5,2
520,"https://theconversation.com/nz","News and Media",9,3.44444444444444,5,2,9,2
521,"https://theconversation.com/au","News and Media",11,3.45454545454545,5,2,11,2
522,"https://www.nbcnews.com/select","News and Media",15,3.86666666666667,5,3,15,2
523,"https://www.nbcnews.com/us-news","News and Media",12,3.58333333333333,5,2,12,2
524,"https://www.nbcnews.com/politics","News and Media",11,3.72727272727273,5,2,11,2
525,"https://www.nbcnews.com/world","News and Media",12,3.58333333333333,5,2,12,2
526,"https://www.nbcnews.com/sports","News and Media",11,3.72727272727273,5,2,11,2
539,"https://www.zeropointhealthstore.com/","E-commerce",4,3.75,4,3,4,2
540,"https://www.zeropointhealers.com/","Health and Wellness",2,4,4,4,2,2
542,"https://zeenews.india.com/entertainment/articles/story87930.htm","News and Media",7,3.14285714285714,4,2,7,2
543,"https://zeenews.india.com/entertainment/articles/story96851.htm","News and Media",7,3.14285714285714,4,2,7,2
545,"https://zeenews.india.com/news/punjab/sikh-group-raps-badal-regime-in-bhullar-case_734092.html","News and Media",6,3.33333333333333,4,2,6,2
548,"https://nbsubscribe.missouri.edu/news-releases/2011/0607-summer-program-offers-talented-missouri-high-school-students-new-opportunities-at-mu/","Educational Platforms",5,3.8,5,3,5,2
557,"https://www.mills.edu/news/2005/newsarticle04222005ron_dellums_117th_commencement.php","Educational Platforms",7,3.57142857142857,5,2,7,2
558,"https://www.mills.edu/news/2006/newsarticle04202006renel_athletic_achievement.php","Educational Platforms",7,3.57142857142857,5,2,7,2
559,"https://www.mills.edu/news/2006/newsarticle08162006convocation_speaker_brooks_moon.php","Educational Platforms",7,3.57142857142857,5,2,7,2
569,"https://www.verywellhealth.com/health-care-4014769","Health and Wellness",1,4,4,4,1,1
570,"https://www.verywellhealth.com/health-insurance-overview-4581967","Health and Wellness",3,4,5,3,3,2
571,"https://www.verywellhealth.com/public-health-4158386","Health and Wellness",3,3,4,2,3,2
572,"https://www.verywellhealth.com/news-4846412","Health and Wellness",1,4,4,4,1,1
573,"https://www.verywellhealth.com/health-news-4844929","Health and Wellness",2,3.5,4,3,2,2
700,"https://www.usa.gov/about-the-us","Government and Public Services",4,3.25,4,3,4,2
701,"https://www.usa.gov/benefits","Government and Public Services",4,3.25,4,3,4,2
702,"https://www.usa.gov/immigration-and-citizenship","Government and Public Services",4,3.25,4,3,4,2
703,"https://www.usa.gov/money","Government and Public Services",4,3.25,4,3,4,2
704,"https://www.usa.gov/taxes","Government and Public Services",4,3.25,4,3,4,2
705,"https://www.usa.gov/travel","Government and Public Services",4,3.25,4,3,4,2
706,"https://arstechnica.com/ai/","News and Media",9,3.44444444444444,5,2,9,2
707,"https://arstechnica.com/information-technology/","News and Media",9,3.44444444444444,5,2,9,2
708,"https://arstechnica.com/cars/","News and Media",9,3.44444444444444,5,2,9,2
709,"https://arstechnica.com/culture/","News and Media",9,3.44444444444444,5,2,9,2
710,"https://arstechnica.com/gaming/","News and Media",9,3.44444444444444,5,2,9,2
711,"https://arstechnica.com/health/","News and Media",18,3.44444444444444,5,2,9,2
712,"https://arstechnica.com/tech-policy/","News and Media",9,3.44444444444444,5,2,9,2
713,"https://arstechnica.com/science/","News and Media",18,3.44444444444444,5,2,9,2
714,"https://arstechnica.com/security/","News and Media",9,3.44444444444444,5,2,9,2
715,"https://arstechnica.com/space/","News and Media",9,3.44444444444444,5,2,9,2
716,"https://arstechnica.com/gadgets/","News and Media",18,3.44444444444444,5,2,9,2
722,"https://www.newscientist.com/subject/society/","News and Media",4,3.25,4,3,4,2
723,"https://www.newscientist.com/subject/health/","News and Media",4,3.25,4,3,4,2
724,"https://www.newscientist.com/subject/space/","News and Media",4,3.25,4,3,4,2
725,"https://www.newscientist.com/subject/physics/","News and Media",4,3.25,4,3,4,2
726,"https://www.newscientist.com/subject/technology/","News and Media",4,3.25,4,3,4,2
727,"https://www.newscientist.com/subject/environment/","News and Media",4,3.25,4,3,4,2
728,"https://www.newscientist.com/subject/mind/","News and Media",4,3.25,4,3,4,2
729,"https://www.newscientist.com/subject/humans/","News and Media",4,3.25,4,3,4,2
730,"https://www.newscientist.com/subject/life/","News and Media",4,3.25,4,3,4,2
731,"https://www.newscientist.com/subject/mathematics/","News and Media",4,3.25,4,3,4,2
732,"https://www.newscientist.com/subject/chemistry/","News and Media",4,3.25,4,3,4,2
733,"https://www.newscientist.com/subject/earth/","News and Media",4,3.25,4,3,4,2
5000,"https://www.example.com/","Technology Science and Research",6,5,5,5,2,1
5001,"https://www.google.com/","Technology Science and Research",1,5,5,5,1,1
5002,"https://www.w3.org/WAI/content-assets/wcag-act-rules/testcases/59796f/cab9b2d06e5a44e2056ccbdbb7096f55ab42859c.html","Educational Platforms",1,5,5,5,1,1
5003,"https://www.w3.org/WAI/content-assets/wcag-act-rules/testcases/5effbb/43730455b69439980b95151be477ca594e0d7556.html","Educational Platforms",1,4,4,4,1,1
5004,"https://www.w3.org/WAI/content-assets/wcag-act-rules/testcases/5effbb/45d884e81c4ef8234cfbd85d259dd6a64685c9d2.html","Educational Platforms",1,4,4,4,1,1
5005,"https://www.w3.org/WAI/content-assets/wcag-act-rules/testcases/5effbb/98f0638a038a244b0bde70ff316cde1be7ce9a3b.html","Educational Platforms",1,4,4,4,1,1
5006,"https://www.w3.org/WAI/content-assets/wcag-act-rules/testcases/5effbb/bf3ba787eb7a6819ea1a6adccdfd1f30842ed788.html","Educational Platforms",1,4,4,4,1,1
5007,"https://www.w3.org/WAI/content-assets/wcag-act-rules/testcases/aizyf1/b130285915a8ca42926a11553a5791f44b65d487.html","Educational Platforms",1,4,4,4,1,1
5008,"https://www.w3.org/WAI/content-assets/wcag-act-rules/testcases/aizyf1/bf3ba787eb7a6819ea1a6adccdfd1f30842ed788.html","Educational Platforms",1,4,4,4,1,1
5009,"https://www.w3.org/WAI/content-assets/wcag-act-rules/testcases/b49b2e/acae544ba63bf9c71988fb67d491c7d404164f52.html","Educational Platforms",1,3,3,3,1,1
5010,"https://www.w3.org/WAI/content-assets/wcag-act-rules/testcases/b49b2e/d76e8834b616356b2803586a8fbd0825a84e3fc8.html","Educational Platforms",1,3,3,3,1,1
5011,"https://www.w3.org/WAI/content-assets/wcag-act-rules/testcases/c4a8a4/1844d7bce889d85a80b620468baa804eab3ff2c8.html","Educational Platforms",1,4,4,4,1,1
5012,"https://www.w3.org/WAI/content-assets/wcag-act-rules/testcases/c4a8a4/2c1397032aad720fe43dee2be0d326be56957320.html","Educational Platforms",1,4,4,4,1,1
5013,"https://www.w3.org/WAI/content-assets/wcag-act-rules/testcases/c4a8a4/4c72b3b9b06bf1edc3c959070731b65871ee0c8f.html","Educational Platforms",1,4,4,4,1,1
5014,"https://www.w3.org/WAI/content-assets/wcag-act-rules/testcases/cc0f0a/1e52060759a535934176a5a981446066aad6b31f.html","Educational Platforms",1,5,5,5,1,1
5015,"https://www.w3.org/WAI/content-assets/wcag-act-rules/testcases/cc0f0a/649946098faf6f36b8232ea74fc3bae3cf8997e7.html","Educational Platforms",1,5,5,5,1,1
5016,"https://www.w3.org/WAI/content-assets/wcag-act-rules/testcases/cc0f0a/fa5104f9bd07fe52813d7e511c3cc87c4c1cf232.html","Educational Platforms",1,5,5,5,1,1
5017,"https://www.w3.org/WAI/content-assets/wcag-act-rules/testcases/de46e4/50e733e0c505a556fc53e6265eb5b432823570f7.html","Educational Platforms",1,4,4,4,1,1
5018,"https://www.w3.org/WAI/content-assets/wcag-act-rules/testcases/de46e4/5ba0306adadd581e4331b9415c2ef9f8ecccc0f2.html","Educational Platforms",1,4,4,4,1,1
5019,"https://www.w3.org/WAI/content-assets/wcag-act-rules/testcases/de46e4/795698c08fc5d404b649d0c367bedc3e83462d43.html","Educational Platforms",1,4,4,4,1,1
5020,"https://www.w3.org/WAI/content-assets/wcag-act-rules/testcases/de46e4/915cdae554a817caa4792101fde1adf14563227d.html","Educational Platforms",1,4,4,4,1,1
5021,"https://www.w3.org/WAI/content-assets/wcag-act-rules/testcases/de46e4/b1765660b28464b5a73e502ef30b7370ba294ff5.html","Educational Platforms",1,4,4,4,1,1
5022,"https://www.w3.org/WAI/content-assets/wcag-act-rules/testcases/off6ek/5b88bdc5f7d936eaa1fdd2f5f8fdd4022548d5ac.html","Educational Platforms",1,4,4,4,1,1
5023,"https://www.w3.org/WAI/content-assets/wcag-act-rules/testcases/off6ek/ffcbd35493c91b4d8ee42c3a7fba9c2356144257.html","Educational Platforms",1,4,4,4,1,1
5024,"https://www.w3.org/WAI/content-assets/wcag-act-rules/testcases/qt1vmo/2f7d82593e287df64b7459695e355a840254255c.html","Educational Platforms",1,5,5,5,1,1
5025,"https://www.w3.org/WAI/content-assets/wcag-act-rules/testcases/qt1vmo/485f10faf222cd48fea2ab3ee79c2d354e51ea33.html","Educational Platforms",1,5,5,5,1,1
5026,"https://www.w3.org/WAI/content-assets/wcag-act-rules/testcases/ucwvc8/61b97f487132c7aca3dd9787e9ff1454903d45fb.html","Educational Platforms",1,4,4,4,1,1
5027,"https://www.w3.org/WAI/content-assets/wcag-act-rules/testcases/ucwvc8/864ccfb9bdb2c7f797602c5e4f25d1a0ad2aad7c.html","Educational Platforms",1,4,4,4,1,1
21319415,"https://www.noaa.gov","Government and Public Services",6,3.33333333333333,4,3,6,2
37517988,"https://dequeuniversity.com/rules/axe/4.10/form-field-multiple-labels?application=RuleDescription","Technology Science and Research",4,3,4,2,4,3
53239342,"https://www.fubo.tv","Streaming Platforms",3,3.66666666666667,4,3,3,2
79862148,"https://www.jsonline.com","News and Media",4,3.5,4,3,4,1
108292809,"https://www.wired.com","Technology Science and Research",9,3.55555555555556,5,2,9,2
111849147,"https://dequeuniversity.com/rules/axe/4.10/aria-treeitem-name?application=RuleDescription","Technology Science and Research",3,3.33333333333333,4,2,3,3
114166897,"https://www.britbox.com","Streaming Platforms",5,4,5,3,5,2
128813600,"https://en.wikiversity.org","Educational Platforms",5,3.6,5,2,5,2
145563147,"https://www.qvc.com","E-commerce",5,3.4,4,3,5,1
193670859,"https://www.abcnews.go.com","News and Media",13,4.07692307692308,5,2,13,2
230914312,"https://www.dailymail.co.uk","News and Media",13,3.53846153846154,5,2,13,2
265528793,"https://www.readtheory.org","Educational Platforms",6,4,5,3,6,2
328623724,"https://www.kahoot.com","Educational Platforms",9,3.88888888888889,5,3,9,2
339464061,"https://www.cleveland.com","News and Media",5,3.6,5,2,5,2
340545659,"https://www.lidl.com","E-commerce",8,3.5,4,3,8,2
440208167,"https://www.snapdeal.com","E-commerce",3,3.33333333333333,4,3,3,1
447677652,"https://www.disneyplus.com","Streaming Platforms",2,3,3,3,2,1
488474617,"https://www.fashionnova.com","E-commerce",8,3.25,4,2,8,2
499022650,"https://www.nike.com","E-commerce",13,3.53846153846154,5,2,13,2
519658437,"https://www.latex-project.org","Technology Science and Research",4,3.75,5,3,4,2
529912387,"https://www.allbirds.com","E-commerce",2,2.5,3,2,2,1
531083003,"https://www.justice.gov","Government and Public Services",5,3.4,4,2,5,2
546358444,"https://www.thegreatcourses.com","Educational Platforms",7,3.85714285714286,5,3,7,2
581517740,"https://dequeuniversity.com/rules/axe/4.10/target-size?application=RuleDescription","Technology Science and Research",3,3.33333333333333,4,2,3,2
587130571,"https://www.apple.com/store","E-commerce",2,4.5,5,4,2,2
589105098,"https://www.koreatimes.co.kr","News and Media",4,3,4,2,4,2
604991355,"https://www.tehrantimes.com","News and Media",13,3.92307692307692,5,2,13,2
692205405,"https://www.nytimes.com/","News and Media",6,3.66666666666667,5,2,6,2
702203214,"https://www.nps.gov","Government and Public Services",3,3.66666666666667,4,3,3,2
739443498,"https://www.w3schools.com","Technology Science and Research",5,3.4,4,3,5,2
739501289,"https://www.overstock.com","E-commerce",6,3.5,4,2,6,2
775058569,"https://www.fema.gov","Government and Public Services",6,3.33333333333333,4,3,6,2
805430153,"https://www.nzherald.co.nz","News and Media",8,3.5,5,2,8,2
816887837,"https://www.ibm.com/research","Technology Science and Research",6,4.16666666666667,5,3,6,2
841418439,"https://www.wish.com","E-commerce",8,3.5,4,2,8,2
848513793,"https://www.amtrak.com","Government and Public Services",11,3.90909090909091,5,2,11,2
853326546,"https://dequeuniversity.com/rules/axe/4.10/aria-meter-name?application=RuleDescription","Technology Science and Research",3,3.33333333333333,4,2,3,2
901536746,"https://www.sonyliv.com","Streaming Platforms",4,3.75,5,3,4,2
944160244,"https://www.ntsb.gov","Government and Public Services",9,3.88888888888889,5,3,9,2
997556472,"https://www.fedramp.gov","Government and Public Services",4,3.25,4,3,4,2
1023432310,"https://www.engadget.com","Technology Science and Research",9,3.44444444444444,5,2,9,2
1028755231,"https://www.theverge.com","Technology Science and Research",8,3.625,5,2,8,2
1036859048,"https://www.bea.gov","Government and Public Services",5,3.2,4,2,5,2
1041759486,"https://www.bbc.com/news","News and Media",6,3.83333333333333,5,3,6,2
1058560753,"https://www.arxiv.org","Technology Science and Research",1,4,4,4,1,1
1072199356,"https://www.plos.org","Technology Science and Research",2,3,3,3,2,1
1083829665,"https://www.metro.com","E-commerce",3,3.33333333333333,4,2,3,2
1105435317,"https://www.w3.org/WAI/content-assets/wcag-act-rules/testcases/d0f69e/6bb6ca5dcdbd1fef063561f61de88740db24bd5d.html","Technology Science and Research",4,3.25,4,3,4,1
1112632392,"https://www.underarmour.com","E-commerce",13,3.84615384615385,5,2,13,2
1115295724,"https://www.al-monitor.com","News and Media",8,3.5,5,2,8,2
1161701424,"https://www.osmre.gov","Government and Public Services",13,3.38461538461538,5,2,13,2
1248925021,"https://www.athletic.live","Streaming Platforms",12,3.75,5,2,12,2
1253615845,"https://www.w3.org/WAI/content-assets/wcag-act-rules/testcases/c487ae/954326e5ba700d4616d924807f427002816e9fc3.html","Technology Science and Research",4,3.5,4,3,4,1
1266621207,"https://act-rules.github.io/rules/8fc3b6","Technology Science and Research",2,4,4,4,2,2
1270397352,"https://www.bioconductor.org","Technology Science and Research",2,3,3,3,2,1
1344325832,"https://www.acs.org","Technology Science and Research",8,3.25,5,2,8,2
1373328769,"https://www.hbomax.com","Streaming Platforms",4,3.5,4,3,4,1
1394450881,"https://www.nhl.com/tv","Streaming Platforms",3,3.33333333333333,4,2,3,2
1402472951,"https://www.kanopy.com","Streaming Platforms",3,3,3,3,3,1
1433604318,"https://www.jpost.com","News and Media",8,3.25,4,2,8,2
1472999600,"https://www.paramountplus.com","Streaming Platforms",9,3.55555555555556,5,2,9,2
1488388154,"https://www.cnet.com/","Technology Science and Research",3,4,4,4,3,2
1499175565,"https://online.berkeley.edu","Educational Platforms",3,3.33333333333333,4,3,3,1
1506920243,"https://www.pnl.gov","Government and Public Services",4,3.25,4,3,4,1
1521860334,"https://www.irs.gov","Government and Public Services",5,2.8,4,2,5,1
1539544757,"https://www.bibme.org","Technology Science and Research",3,3,4,2,3,2
1631804793,"https://www.opm.gov","Government and Public Services",8,3.75,5,2,8,2
1683921588,"https://www.medium.com","Technology Science and Research",1,5,5,5,1,1
1712224681,"https://www.economist.com","News and Media",4,3.75,5,3,4,2
1746488226,"https://tv.youtube.com","Streaming Platforms",8,3.5,5,2,8,2
1767084624,"https://www.hulu.com","Streaming Platforms",9,3.44444444444444,5,2,9,2
1782594227,"https://www.cliffsnotes.com","Educational Platforms",2,3,3,3,2,1
1822721092,"https://www.docsville.com","Streaming Platforms",5,3.4,4,2,5,2
1850054633,"https://www.deeplearning.ai","Technology Science and Research",9,4.11111111111111,5,2,9,2
1851235277,"https://www.rakuten.com","E-commerce",5,3.8,5,3,5,2
1856386766,"https://www.ibm.com/training","Educational Platforms",12,4,5,3,12,2
1866132720,"https://www.usatoday.com","News and Media",11,3.27272727272727,5,2,11,2
1885857067,"https://www.peloton.com","Streaming Platforms",4,3.25,4,2,4,2
1902084907,"https://www.aljazeera.com","News and Media",5,3.2,4,2,5,2
1930985973,"https://www.varsitytutors.com","Educational Platforms",8,4.125,5,3,8,2
1950445330,"https://www.tsa.gov","Government and Public Services",3,3.33333333333333,4,2,3,2
1957689776,"https://www.toysrus.com","E-commerce",8,3.5,5,2,8,2
1963641873,"https://www.who.int/","Health and Wellness",4,2.75,4,2,4,1
1966382623,"https://eu.usatoday.com/","News and Media",10,3.3,5,2,10,2
2001421671,"https://www.coursera.org","Educational Platforms",15,3.4,4,3,5,2
2001421671,"https://www.coursera.org","Streaming Platforms",15,3.4,4,3,5,2
2001421671,"https://www.coursera.org","Technology Science and Research",15,3.4,4,3,5,2
2044150440,"https://www.simplehabit.com","Streaming Platforms",5,3.6,5,2,5,2
2099407450,"https://www.ornl.gov","Government and Public Services",4,3.25,4,3,4,1
2103007653,"https://www.code.org","Educational Platforms",3,3.66666666666667,4,3,3,2
2128318591,"https://www.usa.gov/","Government and Public Services",3,3,3,3,3,1
2176046364,"https://www.huggingface.co","Technology Science and Research",7,3.71428571428571,5,3,7,2
2178564963,"https://www.beautybay.com","E-commerce",1,3,3,3,1,1
2182179087,"https://dequeuniversity.com/rules/axe/4.10/empty-table-header?application=RuleDescription","Technology Science and Research",3,2.66666666666667,4,2,3,2
2235305803,"https://www.iheart.com","Streaming Platforms",6,3.5,5,2,6,2
2241802183,"https://www.abc.net.au/news","News and Media",4,3.75,5,2,4,2
2254872401,"https://www.ebay.de/","E-commerce",6,3.5,4,2,6,2
2279899774,"https://www.cisa.gov","Government and Public Services",5,3.2,4,2,5,2
2344724610,"https://act-rules.github.io/rules/674b10","Technology Science and Research",2,3,4,2,2,2
2421931133,"https://www.khanacademy.org","Educational Platforms",5,3.6,4,3,2,2
2421931133,"https://www.khanacademy.org","Streaming Platforms",5,3.6,4,3,2,2
2421931133,"https://www.khanacademy.org","Technology Science and Research",5,3.6,4,3,2,2
2459242315,"https://www.pandora.com","Streaming Platforms",5,3.4,4,3,5,1
2480140715,"https://www.fws.gov","Government and Public Services",7,3,5,2,7,2
2527413330,"https://www.indiatoday.in","News and Media",5,3.4,4,3,5,2
2530989927,"https://www.foxnews.com","News and Media",7,3.57142857142857,5,3,7,2
2542497289,"https://www.azcentral.com","News and Media",4,3.5,4,3,4,1
2551766233,"https://www.microsoft.com/en-us/learning","Educational Platforms",3,3.66666666666667,4,3,3,2
2561699022,"https://www.nationalguard.com","Government and Public Services",3,3.33333333333333,4,3,3,1
2583591840,"https://www.womenshealthmag.com/","Health and Wellness",3,3.33333333333333,4,3,3,2
2588940216,"https://www.arrow-player.com","Streaming Platforms",6,3.66666666666667,5,2,6,2
2605949885,"https://www.tass.com","News and Media",8,3.75,5,3,8,2
2644215829,"https://www.navy.mil","Government and Public Services",5,3.6,5,3,5,2
2647735504,"https://www.hp.com","E-commerce",9,3.66666666666667,5,2,9,2
2656435105,"https://www.sltrib.com","News and Media",12,3.41666666666667,5,2,12,2
2681794065,"https://www.treehouse.com","Streaming Platforms",10,3.4,5,2,10,2
2761488864,"https://www.criterionchannel.com","Streaming Platforms",7,3.57142857142857,5,2,7,2
2781254041,"https://www.nbcnews.com/","News and Media",14,3.57142857142857,5,2,14,2
2786295051,"https://www.socrative.com","Educational Platforms",4,4,5,3,4,2
2797271121,"https://www.education.com","Educational Platforms",6,3.5,5,2,6,2
2839400116,"https://www.codechef.com","Educational Platforms",7,3.28571428571429,4,2,7,2
2848237884,"https://www.pacer.uscourts.gov","Government and Public Services",6,3.66666666666667,5,2,6,2
2853208851,"https://www.vevo.com","Streaming Platforms",4,3.5,4,3,4,2
2937956084,"https://www.mapmyrun.com","Streaming Platforms",2,2.5,3,2,2,1
2973108458,"https://www.spiegel.de/international","News and Media",3,3.66666666666667,4,3,3,2
2996541679,"https://www.soundcloud.com","Streaming Platforms",5,4.4,5,3,5,2
2998356382,"https://www.theglobeandmail.com","News and Media",6,2.83333333333333,4,2,6,2
3038375729,"https://www.arcgis.com","Technology Science and Research",8,3.875,5,3,8,2
3085396104,"https://www.freecodecamp.org","Educational Platforms",3,3.33333333333333,4,3,3,1
3085396104,"https://www.freecodecamp.org","Technology Science and Research",3,3.33333333333333,4,3,3,1
3101899065,"https://act-rules.github.io/rules/5c01ea","Technology Science and Research",3,4,4,4,3,3
3109021059,"https://www.mathworks.com","Technology Science and Research",3,3.33333333333333,4,3,3,1
3131917710,"https://www.quizizz.com","Educational Platforms",8,3.75,5,2,8,2
3150148978,"https://www.bigcommerce.com","E-commerce",6,3.33333333333333,4,3,6,2
3176249728,"https://www.vudu.com","Streaming Platforms",4,3.5,5,3,4,1
3221942806,"https://www.producthunt.com","Technology Science and Research",3,4,4,4,3,2
3231484510,"https://scholar.google.com/","Technology Science and Research",6,3.66666666666667,5,2,6,2
3257894929,"https://www.filmstruck.com","Streaming Platforms",5,3.6,5,2,5,1
3281832154,"https://www.ncbi.nlm.nih.gov","Technology Science and Research",5,3.4,4,3,5,2
3317334630,"https://www.luminarypodcasts.com","Streaming Platforms",6,3.83333333333333,5,3,6,2
3374636661,"https://www.japantimes.co.jp","News and Media",9,3.44444444444444,5,2,9,2
3377503893,"https://www.brilliant.org","Educational Platforms",4,3.75,4,3,4,2
3472695288,"https://www.cdc.gov","Government and Public Services",9,3.22222222222222,4,3,9,2
3479547415,"https://www.ctvnews.ca","News and Media",5,3.8,5,3,5,2
3531794931,"https://www.scmp.com","News and Media",6,3.5,5,2,6,2
3538180808,"https://www.state.gov","Government and Public Services",4,3.5,5,3,4,1
3546013468,"https://www.tableau.com","Technology Science and Research",1,4,4,4,1,1
3548409958,"https://www.zdnet.com","Technology Science and Research",4,3.25,4,2,4,2
3562170487,"https://www.showtime.com","Streaming Platforms",8,2.75,4,2,8,2
3563193797,"https://www.w3.org/WAI/content-assets/wcag-act-rules/testcases/qt1vmo/bac67a5a2ada971100bbec89961ad3e6c869f268.html","Technology Science and Research",5,3.6,5,3,5,1
3629420269,"https://www.conted.ox.ac.uk","Educational Platforms",3,3.33333333333333,4,2,3,2
3701517235,"https://www.huffpost.com","News and Media",8,3.5,5,2,8,2
3731007183,"https://www.bookwidgets.com","Educational Platforms",7,3.71428571428571,5,3,7,2
3787975237,"https://www.thetimes.co.uk","News and Media",11,3.81818181818182,5,2,11,2
3805747062,"https://www.kocowa.com","Streaming Platforms",4,3,4,2,4,1
3838269417,"https://www.stata.com","Technology Science and Research",7,4,5,3,7,2
3842572222,"https://www.express.co.uk","News and Media",2,3,4,2,2,2
3871549955,"https://dequeuniversity.com/rules/axe/4.10/area-alt?application=RuleDescription","Technology Science and Research",3,3.66666666666667,5,2,3,2
3876207056,"https://www.sba.gov","Government and Public Services",1,4,4,4,1,1
3900495188,"https://www.tutor.com","Educational Platforms",2,3.5,4,3,2,2
3936345126,"https://www.lemonde.fr","News and Media",9,3.44444444444444,4,3,9,2
3951256293,"https://www.classdojo.com","Educational Platforms",5,4,4,4,5,2
3962126274,"https://www.dell.com","E-commerce",3,3.33333333333333,4,3,3,1
3962772074,"https://act-rules.github.io/rules/047fe0","Technology Science and Research",2,4,4,4,2,2
3978893713,"https://act-rules.github.io/rules/80f0bf","Technology Science and Research",2,3.5,4,3,2,2
3996855574,"https://www.kodable.com","Educational Platforms",5,3.2,4,2,5,2
4073569427,"https://www.slideshare.net","Educational Platforms",1,3,3,3,1,1
4078511185,"https://www.gao.gov","Government and Public Services",6,3.16666666666667,4,3,6,2
4085447448,"https://www.gsa.gov","Government and Public Services",5,3,4,2,5,2
4097069082,"https://www.roku.com","Streaming Platforms",4,3.25,4,2,4,2
4113932095,"https://www.shmoop.com","Educational Platforms",7,3.28571428571429,4,2,7,2
4116548132,"https://www.frontiersin.org","Technology Science and Research",1,4,4,4,1,1
4157596408,"https://www.time.com","News and Media",6,3.33333333333333,4,2,6,2
4183809767,"https://www.nrc.gov","Government and Public Services",4,3.75,5,3,4,2
4224720555,"https://www.tmall.com","E-commerce",10,4,5,2,10,2
4244958066,"https://www.w3.org/WAI/content-assets/wcag-act-rules/testcases/2t702h/f0f5f9e727e46e257e5d6420a8ab11b760c75617.html","Technology Science and Research",4,3.25,4,3,4,1
4246706624,"https://www.cnn.com","News and Media",5,3.4,4,3,5,1
4264400098,"https://www.samsung.com/us/shop","E-commerce",10,4,5,2,10,2
4321301368,"https://www.thestar.com","News and Media",11,3.45454545454545,5,2,11,2
4336372604,"https://www.tubi.tv","Streaming Platforms",4,3.5,4,3,4,1
4339903018,"https://www.topcoder.com","Educational Platforms",7,3.42857142857143,4,3,7,2
4355727937,"https://www.wetv.vip","Streaming Platforms",7,3.57142857142857,5,2,7,2
4365991990,"https://www.plex.tv/","Streaming Platforms",10,4,5,2,10,2
4374409465,"https://www.w3.org/WAI/content-assets/wcag-act-rules/testcases/674b10/4b0aaf07c6e9fb6ea3495dd9cecf55d47b9539b8.html","Technology Science and Research",5,3.6,5,3,5,1
4391300162,"https://www.shopify.com","E-commerce",5,3.6,5,2,5,2
4456160312,"https://www.ulta.com","E-commerce",4,3.75,4,3,4,2
4473637646,"https://www.writetheworld.com","Educational Platforms",7,3.42857142857143,5,2,7,2
4528812531,"https://www.yogaglo.com","Streaming Platforms",5,3.8,5,3,5,2
4643564980,"https://dequeuniversity.com/rules/axe/4.10/aria-braille-equivalent?application=RuleDescription","Technology Science and Research",3,3.33333333333333,4,2,3,3
4710657151,"https://www.mendeley.com","Technology Science and Research",3,4,5,3,3,2
4751627646,"https://www.va.gov","Government and Public Services",1,4,4,4,1,1
4763170911,"https://www.connectedpapers.com/","Technology Science and Research",8,3.875,5,3,8,2
4770170269,"https://mcit.gov.eg/","Government and Public Services",12,4,5,2,12,2
4781756887,"https://www.tes.com","Educational Platforms",8,3.75,5,2,8,2
4807426702,"https://www.scihub.se","Technology Science and Research",2,3,3,3,2,1
4840230107,"https://www.collegevine.com","Educational Platforms",8,3.75,5,3,8,2
4841476546,"https://www.nearpod.com","Educational Platforms",3,3.66666666666667,4,3,3,2
4843063990,"https://www.bia.gov","Government and Public Services",1,4,4,4,1,1
4872839958,"https://www.netflix.com","Streaming Platforms",7,3.28571428571429,5,2,7,2
4888426482,"https://www.philly.com","News and Media",15,3.53333333333333,5,2,15,2
4912544535,"https://www.pluralsight.com","Educational Platforms",23,3.73913043478261,5,2,9,2
4912544535,"https://www.pluralsight.com","Streaming Platforms",23,3.73913043478261,5,2,9,2
4912544535,"https://www.pluralsight.com","Technology Science and Research",23,3.73913043478261,5,2,9,2
4925950366,"https://www.aliexpress.com/","E-commerce",8,4,5,3,8,2
4927888957,"https://www.oercommons.org","Educational Platforms",3,3.33333333333333,4,3,3,1
4970188583,"https://www.analyticsvidhya.com","Technology Science and Research",3,3.33333333333333,4,2,3,2
4974750346,"https://www.timesofindia.com","News and Media",12,3.33333333333333,5,2,12,2
5008414810,"https://www.carrefour.com","E-commerce",8,3.5,5,2,8,2
5052508376,"https://www.codewars.com","Educational Platforms",8,3.25,4,2,8,2
5064908942,"https://www.eeoc.gov","Government and Public Services",7,3.28571428571429,4,2,7,2
5100047719,"https://www.theintercept.com","News and Media",6,3.33333333333333,4,2,6,2
5108022623,"https://www.oregonlive.com","News and Media",4,3.5,5,2,4,2
5117799549,"https://www.alibaba.com/","E-commerce",12,3.58333333333333,5,2,12,2
5138684180,"https://www.spss.com","Technology Science and Research",18,3.88888888888889,5,2,18,2
5151103662,"https://www.w3.org/WAI/content-assets/wcag-act-rules/testcases/6cfa84/4e7955d592cbf361a55113fcd4524e979b16bb08.html","Technology Science and Research",4,3.75,5,3,4,1
5224083866,"https://www.w3.org/WAI/content-assets/wcag-act-rules/testcases/a25f45/cd25fd6cc4fde1734fc90c2f11e71886e3458007.html","Technology Science and Research",4,3.25,4,3,4,1
5256418738,"https://www.hayneedle.com","E-commerce",2,3,3,3,2,1
5258548666,"https://www.dailyburn.com","Streaming Platforms",6,3.66666666666667,4,3,6,2
5263734580,"https://www.academia.edu","Technology Science and Research",8,3.5,5,2,8,2
5275238699,"https://www.bbc.com/","News and Media",8,3.625,5,2,8,2
5316008758,"https://www.ed.gov","Government and Public Services",6,2.83333333333333,4,2,6,2
5318769506,"https://www.citizen.co.za","News and Media",5,3.6,4,2,5,2
5350616698,"https://www.livescience.com","Technology Science and Research",8,3.625,5,2,8,2
5351185237,"https://www.lenovo.com","E-commerce",7,3.57142857142857,5,2,7,1
5356854547,"https://www.nal.usda.gov","Government and Public Services",2,3.5,4,3,2,2
5376893347,"https://www.nih.gov/","Health and Wellness",3,3.33333333333333,4,3,3,2
5385474195,"https://www.perlego.com","Technology Science and Research",4,3.75,5,3,4,2
5418069070,"https://www.ebay.com","E-commerce",7,3.71428571428571,5,2,7,2
5419658127,"https://www.tutorialspoint.com","Educational Platforms",13,4,5,2,13,2
5424827103,"https://online-learning.harvard.edu","Educational Platforms",2,3,3,3,2,1
5439488327,"https://www.oig.hhs.gov","Government and Public Services",5,3.2,4,2,5,2
5477862853,"https://www.hackerearth.com","Educational Platforms",7,3.42857142857143,4,2,7,2
5483640632,"https://www.tomsHardware.com","Technology Science and Research",8,3.5,5,2,8,2
5511408010,"https://www.nrl.navy.mil","Government and Public Services",6,3.16666666666667,4,2,6,1
5537562569,"https://www.soulcycle.com","Streaming Platforms",5,3.6,5,2,5,2
5627013288,"https://learn.k20center.ou.edu","Educational Platforms",9,3.33333333333333,5,2,9,2
5627798358,"https://www.elpais.com","News and Media",8,3.625,5,2,8,2
5653019337,"https://stackoverflow.com/","Technology Science and Research",7,3.57142857142857,5,2,7,2
5653366561,"https://www.cbsnews.com/","News and Media",11,3.54545454545455,5,2,11,2
5671992993,"https://www.curriki.org","Educational Platforms",8,3.5,5,2,8,2
5794675406,"https://www.forbes.com","News and Media",6,3,4,2,6,2
5827428762,"https://www.brainpop.com","Educational Platforms",2,4,4,4,2,1
5881075695,"https://www.r-project.org","Technology Science and Research",3,3.33333333333333,4,3,3,2
5921955571,"https://www.rtve.es","News and Media",10,3.3,5,2,10,2
5964897764,"https://www.udemy.com","Educational Platforms",3,5,5,5,1,1
5964897764,"https://www.udemy.com","Streaming Platforms",3,5,5,5,1,1
5964897764,"https://www.udemy.com","Technology Science and Research",3,5,5,5,1,1
5992521276,"https://www.mirror.co.uk","News and Media",8,3.875,5,2,8,2
6027797305,"https://www.gitlab.com","Technology Science and Research",5,4.2,5,3,5,2
6130539113,"https://www.indystar.com","News and Media",8,3,4,2,8,2
6153424620,"https://www.shein.com","E-commerce",9,4,5,3,9,2
6171806211,"https://www.ntia.gov","Government and Public Services",4,3,4,2,4,2
6223584289,"https://www.educative.io","Educational Platforms",5,3.2,4,2,5,2
6234431059,"https://www.meditopia.com","Streaming Platforms",6,3.33333333333333,4,2,6,2
6256204254,"https://www.smh.com.au","News and Media",11,3.45454545454545,5,2,11,2
6323163136,"https://www.oreilly.com","Educational Platforms",2,4.5,5,4,2,2
6392990708,"https://www.starz.com","Streaming Platforms",6,3,5,2,6,1
6405568922,"https://www.apnews.com","News and Media",6,3.66666666666667,5,2,6,2
6413090819,"https://www.prezi.com","Educational Platforms",3,3.66666666666667,4,3,3,2
6465448582,"https://www.boohoo.com","E-commerce",3,3.33333333333333,4,3,3,1
6479190649,"https://www.detroitnews.com","News and Media",11,3.18181818181818,5,2,11,2
6479733415,"https://www.gaana.com","Streaming Platforms",5,4,5,3,5,2
6529673719,"https://www.geeksforgeeks.org","Educational Platforms",14,3.42857142857143,5,2,7,2
6529673719,"https://www.geeksforgeeks.org","Technology Science and Research",14,3.42857142857143,5,2,7,2
6570560458,"https://act-rules.github.io/rules/eac66b","Technology Science and Research",2,4.5,5,4,2,2
6579152806,"https://www.nature.com","Technology Science and Research",2,3.5,4,3,2,2
6654382965,"https://www.tampabay.com","News and Media",16,3.625,5,2,16,2
6658823136,"https://www.dw.com","News and Media",7,3.71428571428571,4,3,7,2
6666281102,"https://ocw.mit.edu","Educational Platforms",5,3.2,4,3,5,2
6699878654,"https://www.propublica.org","News and Media",9,3.77777777777778,5,3,9,2
6744278124,"https://www.wyzant.com","Educational Platforms",4,3.25,4,2,4,2
6768581677,"https://www.peardeck.com","Educational Platforms",5,3,4,2,5,2
6772200394,"https://www.matplotlib.org","Technology Science and Research",3,3,4,2,3,1
6786271985,"https://www.goconqr.com","Educational Platforms",7,3.57142857142857,5,2,7,2
6787611399,"https://www.mashable.com","News and Media",3,3.33333333333333,4,3,3,2
6794078706,"https://www.vans.com","E-commerce",3,3.33333333333333,4,3,3,1
6801509843,"https://www.lazada.com","E-commerce",4,3.25,5,2,4,1
6901236114,"https://www.acorn.tv","Streaming Platforms",2,3,3,3,2,1
6909367836,"https://www.theguardian.com","News and Media",7,3.28571428571429,5,2,7,2
6933375342,"https://www.mytheresa.com","E-commerce",4,3.75,5,3,4,2
6976784819,"https://www.lightinthebox.com","E-commerce",13,3.38461538461538,5,2,13,2
7014268699,"https://www.numpy.org","Technology Science and Research",6,3.66666666666667,4,3,6,2
7024248304,"https://www.springer.com","Technology Science and Research",3,3,3,3,3,1
7056899377,"https://www.elibrary.ru","Technology Science and Research",8,4,5,3,8,2
7100506634,"https://www.commonlit.org","Educational Platforms",2,3.5,4,3,2,2
7124602025,"https://www.bostonglobe.com","News and Media",10,3.6,5,2,10,2
7151218343,"https://www.uscis.gov","Government and Public Services",4,3.75,4,3,4,2
7169554469,"https://www.npr.org","News and Media",11,3.45454545454545,5,2,11,2
7201688552,"https://www.news.com.au","News and Media",6,3.16666666666667,4,2,6,1
7273535364,"https://www.denverpost.com","News and Media",5,3.8,5,2,5,2
7320503111,"https://www.theaustralian.com.au","News and Media",6,3.16666666666667,4,2,6,1
7343118135,"https://www.mxplayer.in","Streaming Platforms",6,4,5,3,6,2
7386667211,"https://www.curiositystream.com","Streaming Platforms",4,3.75,5,2,4,1
7423931758,"https://www.ustr.gov","Government and Public Services",8,3.75,5,2,8,1
7443295495,"https://www.dazn.com","Streaming Platforms",2,4,4,4,2,1
7450209543,"https://www.dod.mil","Government and Public Services",3,3.33333333333333,4,3,3,2
7456807770,"https://www.thehindu.com","News and Media",17,3.35294117647059,5,2,17,2
7490807377,"https://www.stackoverflow.com","Technology Science and Research",7,3.57142857142857,5,2,7,2
7561129082,"https://www.ifcfilms.com","Streaming Platforms",9,3.55555555555556,5,2,9,2
7585490098,"https://www.gizmodo.com","Technology Science and Research",4,3.75,4,3,4,2
7596130808,"https://www.vox.com","News and Media",3,3.33333333333333,4,3,3,2
7604830192,"https://www.article.com","E-commerce",7,3.57142857142857,4,2,7,2
7611853384,"https://www.nsf.gov","Government and Public Services",3,3.33333333333333,4,3,3,2
7632242029,"https://www.rsc.org","Technology Science and Research",1,3,3,3,1,1
7644158705,"https://www.padlet.com","Educational Platforms",3,3.33333333333333,4,2,3,2
7669162755,"https://www.dailymotion.com/de","Streaming Platforms",5,3.6,5,2,5,2
7750001119,"https://www.wordreference.com/","Technology Science and Research",9,4,5,3,9,2
7810794510,"https://www.usgs.gov","Government and Public Services",6,3.66666666666667,5,3,6,2
7838382411,"https://www.zooniverse.org","Educational Platforms",2,3.5,4,3,2,2
7874467996,"https://www.twitch.tv/","Streaming Platforms",6,3.5,4,3,6,2
7908444877,"https://www.jd.com","E-commerce",9,3.55555555555556,5,2,9,2
7918200647,"https://www.mubi.com","Streaming Platforms",5,3.4,4,3,5,1
7928264163,"https://www.pbs.org/newshour","News and Media",9,3.44444444444444,4,2,9,2
7943498338,"https://www.garmin.com","Streaming Platforms",4,3.5,5,2,4,1
7947636348,"https://www.archives.gov","Government and Public Services",5,3.4,4,3,5,2
7965215914,"https://dequeuniversity.com/rules/axe/4.10/aria-tooltip-name?application=RuleDescription","Technology Science and Research",3,3.33333333333333,4,2,3,2
8006238889,"https://www.globalnews.ca","News and Media",3,3.66666666666667,4,3,3,2
8020577869,"https://www.ssa.gov","Government and Public Services",7,3.14285714285714,5,2,7,2
8047369079,"https://www.dnaindia.com","News and Media",11,3.09090909090909,5,2,11,2
8054950596,"https://www.trade.gov","Government and Public Services",2,4,4,4,2,1
8056970126,"https://www.grokker.com","Streaming Platforms",9,3.66666666666667,5,2,9,2
8066758432,"https://www.runtastic.com","Streaming Platforms",2,2.5,3,2,2,1
8085884109,"https://www.usitc.gov","Government and Public Services",3,3.33333333333333,4,3,3,1
8142768037,"https://www.the-sun.com","News and Media",7,3.42857142857143,5,2,7,2
8170624278,"https://www.ansa.it","News and Media",8,3.375,4,2,8,2
8179331530,"https://www.nordstrom.com","E-commerce",4,3.5,4,3,4,1
8185584488,"https://www.packtpub.com","Educational Platforms",5,3.4,4,3,5,2
8244832401,"https://www.edx.org","Educational Platforms",13,3.92307692307692,5,3,5,2
8244832401,"https://www.edx.org","Streaming Platforms",13,3.92307692307692,5,3,5,2
8244832401,"https://www.edx.org","Technology Science and Research",13,3.92307692307692,5,3,5,2
8317483224,"https://www.futurelearn.com","Educational Platforms",2,5,5,5,1,1
8317483224,"https://www.futurelearn.com","Technology Science and Research",2,5,5,5,1,1
8325352647,"https://www.acf.hhs.gov","Government and Public Services",3,3.33333333333333,4,3,3,1
8352230246,"https://act-rules.github.io/rules/5b7ae0","Technology Science and Research",2,3.5,4,3,2,2
8420224297,"https://www.mdpi.com","Technology Science and Research",8,4,5,3,8,2
8437119697,"https://www.bitbucket.org","Technology Science and Research",5,4,5,3,5,2
8454429618,"https://www.epa.gov/","Government and Public Services",1,4,4,4,1,1
8491823152,"https://www.cloudacademy.com","Educational Platforms",17,3.88235294117647,5,2,17,2
8562170592,"https://www.sling.com","Streaming Platforms",4,3.25,4,3,4,1
8589605512,"https://act-rules.github.io/rules/akn7bn","Technology Science and Research",2,4,4,4,2,2
8602576754,"https://www.sas.com","Technology Science and Research",5,3.4,4,3,5,1
8613910382,"https://www.mathletics.com","Educational Platforms",9,3.33333333333333,5,2,9,2
8616262877,"https://www.kaggle.com","Technology Science and Research",2,3,3,3,2,1
8649911099,"https://online.yale.edu","Educational Platforms",3,4,4,4,3,2
8654682977,"https://libretexts.org","Educational Platforms",7,3.42857142857143,5,2,7,2
8697981092,"https://www.interior.gov","Government and Public Services",7,3.28571428571429,4,2,7,2
8727933125,"https://www.ivi.ru","Streaming Platforms",10,3.7,5,2,10,2
8728895407,"https://www.benefits.gov","Government and Public Services",3,3,3,3,3,1
8734339493,"https://www.pbgc.gov","Government and Public Services",4,3.5,5,2,4,2
8773059234,"https://openstax.org","Educational Platforms",6,3.5,5,2,6,2
8774465854,"https://www.scratch.mit.edu","Educational Platforms",6,4,5,3,6,2
8791766791,"https://www.allafrica.com","News and Media",9,3.22222222222222,5,2,9,2
8818139023,"https://www.boomplay.com","Streaming Platforms",5,4,5,3,5,2
8818878279,"https://www.uspto.gov","Government and Public Services",7,3,4,2,7,2
8854230542,"https://www.fhfa.gov","Government and Public Services",3,3,4,2,3,2
8866935042,"https://www.fox.com/","Streaming Platforms",4,2.75,4,2,4,1
8873477499,"https://www.whitehouse.gov","Government and Public Services",4,3.75,5,3,4,1
8883634268,"https://www.harvard.edu/","Educational Platforms",3,3.33333333333333,4,2,3,2
8918898275,"https://www.marines.mil","Government and Public Services",6,3.5,4,3,6,2
8921344296,"https://www.nba.com/watch","Streaming Platforms",10,4,5,3,10,2
8958991169,"https://www.howtogeek.com","Technology Science and Research",9,3.66666666666667,5,3,9,2
8987402778,"https://www.metro.co.uk","News and Media",8,3.625,5,2,8,1
9040720038,"https://www.federalreserve.gov","Government and Public Services",4,3.25,4,3,4,2
9053765347,"https://www.auchan.com","E-commerce",4,4,5,2,4,2
9055889873,"https://www.sephora.com","E-commerce",3,3.33333333333333,4,3,3,1
9073219799,"https://www.tensorflow.org","Technology Science and Research",6,4.16666666666667,5,3,6,2
9115778574,"https://www.nrel.gov","Government and Public Services",3,3.33333333333333,4,3,3,2
9136224526,"https://www.dol.gov","Government and Public Services",4,3.25,4,3,4,2
9219227082,"https://www.overleaf.com","Technology Science and Research",1,4,4,4,1,1
9319730542,"https://www.target.com/","E-commerce",7,3,4,2,7,2
9322041267,"https://www.medicaid.gov","Government and Public Services",4,3.75,4,3,4,2
9364906934,"https://www.headspace.com","Streaming Platforms",2,3.5,4,3,2,2
9394068939,"https://www.dhs.gov","Government and Public Services",6,3,4,2,6,2
9402057227,"https://www.databricks.com","Technology Science and Research",1,4,4,4,1,1
9458755226,"https://www.salon.com","News and Media",5,4,5,3,5,2
9503543617,"https://www.thedailybeast.com","News and Media",9,3.44444444444444,4,3,9,2
9513728892,"https://www.noredink.com","Educational Platforms",4,2.75,4,2,4,2
9533668246,"https://www.saavn.com","Streaming Platforms",13,3.30769230769231,5,2,13,2
9637552863,"https://www.microsoft.com/en-us/research","Technology Science and Research",3,3.33333333333333,4,3,3,2
9645471193,"https://www.fda.gov/","Government and Public Services",4,3.5,4,3,4,2
9684391649,"https://www.downdogapp.com","Streaming Platforms",9,3.66666666666667,5,3,9,2
9727821720,"https://www.nj.com","News and Media",7,3.57142857142857,5,2,7,2
9752502690,"https://www.bangkokpost.com","News and Media",9,3.22222222222222,4,2,9,2
9777365068,"https://www.medicare.gov","Government and Public Services",1,4,4,4,1,1
9777552764,"https://www.educaplay.com","Educational Platforms",9,3.77777777777778,5,2,9,2
9815980762,"https://www.glossier.com","E-commerce",12,3.58333333333333,5,2,12,2
9817868776,"https://teamtreehouse.com","Educational Platforms",7,3.57142857142857,4,3,7,2
9869898930,"https://www.strava.com","Streaming Platforms",6,3.5,4,3,6,2
9883619995,"https://www.fiit.tv","Streaming Platforms",10,3.5,5,2,10,2
9915679548,"https://www.qgis.org","Technology Science and Research",7,3.57142857142857,5,2,7,2
9936752400,"https://www.bbg.gov","Government and Public Services",11,3.36363636363636,5,3,11,2
9990083020,"https://www.popularmechanics.com","Technology Science and Research",3,3.33333333333333,4,3,3,2
9990906928,"https://www.tynker.com","Educational Platforms",2,3.5,4,3,2,2
9995023032,"https://pluto.tv/gsa/live-tv/650adb92a1217e00091a3eff?lang=en","Streaming Platforms",7,3.57142857142857,5,3,7,2
9995178363,"https://www.digitaltrends.com","Technology Science and Research",10,3.6,5,2,10,2
